so2Grade,coFlag,khaiValue,so2Value,coValue,pm25Flag,pm10Flag,o3Grade,pm10Value,khaiGrade,pm25Value,sidoName,no2Flag,no2Grade,o3Flag,pm25Grade,so2Flag,dataTime,coGrade,no2Value,stationName,pm10Grade,o3Value
1,,66,0.004,0.3,,,1,48,2,21,대구,,2,,2,,2023-05-25 07:00,1,0.039,이현동,2,0.004
1,,61,0.003,0.6,,,1,36,2,23,대구,,2,,2,,2023-05-25 07:00,1,0.036,평리동,2,0.004
1,,56,0.003,0.5,,,1,30,2,17,대구,,1,,2,,2023-05-25 07:00,1,0.019,대명동,2,0.019
1,,50,0.002,0.3,,,1,29,1,18,대구,,1,,1,,2023-05-25 07:00,1,0.018,신암동,1,0.017
1,,45,0.002,0.7,,,1,31,1,10,대구,,1,,1,,2023-05-25 07:00,1,0.019,태전동,1,0.014
1,,52,0.002,0.4,,,1,35,2,15,대구,,1,,1,,2023-05-25 07:00,1,0.018,산격동,2,0.020
1,,54,0.003,0.4,,,1,29,2,19,대구,,1,,2,,2023-05-25 07:00,1,0.021,만촌동,1,0.014
1,,72,0.001,0.3,,,1,46,2,23,대구,,1,,2,,2023-05-25 07:00,1,0.018,호림동,2,0.025
1,,64,0.002,0.1,,,2,32,2,22,대구,,1,,2,,2023-05-25 07:00,1,0.012,유가읍,2,0.033
1,,69,0.002,0.4,,,1,35,2,20,대구,,1,,2,,2023-05-25 07:00,1,0.025,이곡동,2,0.009
1,,54,0.002,0.4,,,1,36,2,21,대구,,1,,2,,2023-05-25 07:00,1,0.021,시지동,2,0.015
1,,74,0.002,0.4,,,1,39,2,25,대구,,1,,2,,2023-05-25 07:00,1,0.024,진천동,2,0.021
1,,30,0.002,0.3,,,1,13,1,8,경북,,1,,1,,2023-05-25 07:00,1,0.007,군위읍,1,0.018
1,,30,0.001,0.2,,,1,10,1,6,경북,,1,,1,,2023-05-25 07:00,1,0.003,영양군,1,0.017
1,,39,0.002,0.1,,,1,18,1,13,경북,,1,,1,,2023-05-25 07:00,1,0.007,예천군,1,0.023
1,,79,0.002,0.3,,,1,33,2,26,경북,,1,,2,,2023-05-25 07:00,1,0.015,화양읍,2,0.014
1,,81,0.007,1.2,,,1,69,2,26,경북,,2,,2,,2023-05-25 07:00,1,0.037,포항항,2,0.005
1,,81,0.003,0.5,,,1,62,2,20,대전,,2,,2,,2023-05-25 07:00,1,0.048,읍내동,2,0.008
1,,64,0.002,0.2,,,1,43,2,22,대전,,1,,2,,2023-05-25 07:00,1,0.016,문평동,2,0.022
1,,63,0.002,0.4,,,2,40,2,12,대전,,1,,2,,2023-05-25 07:00,1,0.018,문창동,2,0.033
1,,69,0.003,0.2,,,1,43,2,22,대전,,1,,2,,2023-05-25 07:00,1,0.014,구성동,2,0.025
1,,68,0.003,0.3,,,2,49,2,22,대전,,1,,2,,2023-05-25 07:00,1,0.018,노은동,2,0.033
1,,71,0.002,0.2,,,1,44,2,20,대전,,1,,2,,2023-05-25 07:00,1,0.027,상대동(대전),2,0.027
1,,63,0.002,0.3,,,1,38,2,18,대전,,1,,2,,2023-05-25 07:00,1,0.024,관평동,2,0.016
1,,69,0.002,0.3,,,1,50,2,18,대전,,1,,2,,2023-05-25 07:00,1,0.028,대흥동1,2,0.025
1,,72,0.003,0.3,,,2,49,2,17,대전,,1,,2,,2023-05-25 07:00,1,0.023,성남동1,2,0.035
1,,60,0.003,0.3,,,1,36,2,16,대전,,2,,2,,2023-05-25 07:00,1,0.034,대성동,2,0.018
1,,69,0.002,0.3,,,2,44,2,21,대전,,1,,2,,2023-05-25 07:00,1,0.014,정림동,2,0.032
1,,79,0.002,0.4,,,1,60,2,22,대전,,1,,2,,2023-05-25 07:00,1,0.022,둔산동,2,0.029
1,,78,0.002,0.3,,,2,58,2,19,대전,,1,,2,,2023-05-25 07:00,1,0.010,월평동,2,0.033
1,,71,0.003,0.7,,,1,61,2,20,충북,,1,,1,,2023-05-25 07:00,1,0.030,송정동(봉명동),2,0.028
1,,69,0.002,0.4,,,1,45,2,25,충북,,1,,2,,2023-05-25 07:00,1,0.023,사천동,2,0.025
,통신장애,-,-,-,,통신장애,,-,,16,충북,통신장애,,통신장애,1,통신장애,2023-05-25 07:00,,-,용담동,,-
1,,58,0.001,0.3,,,1,37,2,13,충북,,1,,1,,2023-05-25 07:00,1,0.016,용암동,2,0.024
1,,71,0.002,0.3,,,1,52,2,23,충북,,2,,2,,2023-05-25 07:00,1,0.035,복대동,2,0.022
1,,77,0.002,0.3,,,1,46,2,22,충남,,2,,2,,2023-05-25 07:00,1,0.034,성황동,2,0.017
,통신장애,-,-,-,통신장애,통신장애,,-,,-,충남,통신장애,,통신장애,,통신장애,2023-05-25 07:00,,-,백석동,,-
1,,72,0.003,0.4,,,1,53,2,24,충남,,1,,2,,2023-05-25 07:00,1,0.030,성성동,2,0.020
1,,81,0.002,0.3,,,2,52,2,26,충남,,1,,2,,2023-05-25 07:00,1,0.015,성거읍,2,0.032
1,,73,0.004,0.2,,,1,50,2,25,충남,,1,,2,,2023-05-25 07:00,1,0.021,신방동,2,0.021
1,,56,0.001,0.3,,,2,31,2,13,충남,,1,,2,,2023-05-25 07:00,1,0.005,사곡면,2,0.035
1,,66,0.002,0.3,,,1,46,2,21,대구,,1,,2,,2023-05-25 07:00,1,0.022,다사읍,2,0.019
1,,61,0.002,0.1,,,1,35,2,17,대구,,1,,2,,2023-05-25 07:00,1,0.023,본동,2,0.016
1,,54,0.002,0.4,,,1,35,2,16,대구,,2,,2,,2023-05-25 07:00,1,0.031,내당동,2,0.010
1,,43,0.003,0.4,,,1,31,1,17,대구,,1,,1,,2023-05-25 07:00,1,0.024,침산동,1,0.014
1,,61,0.002,0.2,,,1,35,2,21,대구,,1,,2,,2023-05-25 07:00,1,0.011,화원읍,2,0.021
1,,56,0.001,0.3,,,1,30,2,15,대구,,1,,2,,2023-05-25 07:00,1,0.014,충혼탑,2,0.020
1,,56,0.003,0.6,,,1,30,2,10,경북,,2,,1,,2023-05-25 07:00,1,0.033,우현동,1,0.006
1,,47,0.003,0.6,,,1,20,1,14,경북,,1,,1,,2023-05-25 07:00,1,0.022,장흥동,1,0.018
1,,33,0.002,0.5,,,1,17,1,7,경북,,1,,1,,2023-05-25 07:00,1,0.020,장량동,1,0.010
1,,50,0.002,0.3,,,1,21,1,12,경북,,1,,1,,2023-05-25 07:00,1,0.020,대도동,1,0.014
1,,32,0.003,0.3,,,1,22,1,12,경북,,1,,1,,2023-05-25 07:00,1,0.016,대송면,1,0.013
1,,43,0.004,0.6,통신장애,,1,17,1,-,경북,,1,,1,,2023-05-25 07:00,1,0.015,3공단,1,0.011
,,50,-,0.3,,,1,24,1,9,경북,,1,,1,통신장애,2023-05-25 07:00,1,0.017,송도동,1,0.018
1,,34,0.003,0.2,,,1,18,1,3,경북,,1,,1,,2023-05-25 07:00,1,0.020,오천읍,1,0.013
1,,48,0.004,0.5,,,1,43,1,15,경북,,1,,1,,2023-05-25 07:00,1,0.029,청림동,1,0.010
1,,-,0.002,0.3,,,1,21,,16,경북,,1,,,,2023-05-25 07:00,1,0.019,연일읍,1,0.011
1,,-,0.002,0.6,,통신장애,1,-,,20,경북,,1,,2,,2023-05-25 07:00,1,0.028,제철동,,0.009
1,,54,0.003,0.3,,,1,25,2,20,경북,,1,,2,,2023-05-25 07:00,1,0.022,성건동,1,0.006
1,,31,0.004,0.3,,,1,4,1,3,경북,,1,,1,,2023-05-25 07:00,1,0.012,보덕동,1,0.019
1,,47,0.003,0.4,,,1,14,1,13,경북,,1,,1,,2023-05-25 07:00,1,0.011,안강읍,1,0.012
1,,33,0.003,0.3,,,1,20,1,10,경북,,1,,1,,2023-05-25 07:00,1,0.017,외동읍,1,0.011
1,,47,0.003,0.2,,,1,28,1,15,경북,,1,,1,,2023-05-25 07:00,1,0.011,평화남산동,1,0.018
1,,54,0.002,0.3,,,1,34,2,13,경북,,1,,2,,2023-05-25 07:00,1,0.015,대광동,2,0.023
1,,57,0.002,0.4,,,1,35,2,12,경북,,1,,1,,2023-05-25 07:00,1,0.017,율곡동,2,0.024
1,,45,0.001,0.3,,,1,13,1,7,경북,,1,,1,,2023-05-25 07:00,1,0.008,명륜동,1,0.027
1,,75,0.003,0.5,,,1,67,2,31,경북,,1,,2,,2023-05-25 07:00,1,0.025,공단동,2,0.027
1,,61,0.002,0.1,,,1,39,2,20,경북,,1,,2,,2023-05-25 07:00,1,0.030,원평동,2,0.016
1,,77,0.002,0.3,,,1,38,2,29,경북,,1,,2,,2023-05-25 07:00,1,0.015,형곡동,2,0.027
1,,47,0.001,0.3,,,1,27,1,9,경북,,1,,1,,2023-05-25 07:00,1,0.017,4공단,1,0.017
1,,72,0.002,0.5,,,1,50,2,19,경북,,1,,2,,2023-05-25 07:00,1,0.016,진미동,2,0.026
,통신장애,-,-,-,통신장애,통신장애,,-,,-,경북,통신장애,,통신장애,,통신장애,2023-05-24 12:00,,-,가흥동,,-
1,,27,0.002,0.2,,,1,11,1,6,경북,,1,,1,,2023-05-25 07:00,1,0.011,영주동,1,0.016
1,,54,0.005,0.4,,,1,37,2,20,경북,,1,,2,,2023-05-25 07:00,1,0.007,중방동,2,0.016
1,,47,0.003,0.4,,,1,23,1,11,경북,,1,,1,,2023-05-25 07:00,1,0.015,하양읍,1,0.018
1,,50,0.003,0.4,,,1,29,1,17,경북,,1,,1,,2023-05-25 07:00,1,0.021,진량읍,1,0.011
1,,51,0.001,0.3,,,1,34,2,16,경북,,1,,2,,2023-05-25 07:00,1,0.013,상주시,1,0.022
1,,61,0.004,0.4,,,1,40,2,22,경북,,2,,2,,2023-05-25 07:00,1,0.031,칠곡군,2,0.006
1,,33,0.002,0.2,,,1,7,1,7,경북,,1,,1,,2023-05-25 07:00,1,0.004,영덕읍,1,0.020
1,,42,0.002,0.2,,,1,16,1,6,경북,,1,,1,,2023-05-25 07:00,1,0.006,강구면,1,0.025
1,,38,0.002,0.3,,,1,9,1,5,경북,,1,,1,,2023-05-25 07:00,1,0.007,영해면,1,0.023
1,,32,0.002,0.2,,,1,18,1,6,경북,,1,,1,,2023-05-25 07:00,1,0.018,문경시,1,0.013
1,,59,0.002,0.4,,,1,36,2,21,경북,,1,,2,,2023-05-25 07:00,1,0.024,성주군,2,0.009
1,,-,0.002,0.5,,,2,10,,10,경북,,1,,,,2023-05-25 07:00,1,0.005,화북면,1,0.032
1,,47,0.003,0.4,,,1,16,1,13,경북,,1,,1,,2023-05-25 07:00,1,0.018,영천시,1,0.013
1,,40,0.002,0.3,,,1,19,1,14,경북,,1,,1,,2023-05-25 07:00,1,0.009,안계면(교외),1,0.018
1,,38,0.003,0.2,,,1,13,1,4,경북,,1,,1,,2023-05-25 07:00,1,0.007,의성읍,1,0.023
1,,40,0.003,0.3,,,1,22,1,15,경북,,1,,1,,2023-05-25 07:00,1,0.008,안계면,1,0.018
1,,30,0.002,0.4,,,1,11,1,7,경북,,1,,1,,2023-05-25 07:00,1,0.007,울진군,1,0.018
1,,-,0.002,0.2,,,1,7,,3,경북,,1,,,,2023-05-25 07:00,1,0.003,석포면,1,0.021
1,,-,0.001,0.2,통신장애,,1,11,,-,경북,,1,,,,2023-05-25 07:00,1,0.006,봉화군청,1,0.019
1,통신장애,69,0.002,-,,,2,18,2,9,경북,,1,,1,,2023-05-25 07:00,,0.003,태하리,1,0.052
1,,62,0.001,0.2,,,2,7,2,1,경북,,1,,1,,2023-05-25 07:00,1,0.004,울릉읍,1,0.044
1,,70,0.002,0.3,,,2,22,2,10,경북,,1,,1,,2023-05-24 16:00,1,0.005,대가야읍,2,0.053
1,,50,0.003,0.3,,,1,14,1,6,경남,,1,,1,,2023-05-25 07:00,1,0.030,반송로,1,0.013
1,,48,0.002,0.5,,,1,17,1,14,경남,,1,,1,,2023-05-25 07:00,1,0.029,사파동,1,0.010
1,,37,0.002,0.3,,,1,16,1,8,경남,,1,,1,,2023-05-25 07:00,1,0.015,삼진로,1,0.013
1,,43,0.002,0.3,,,1,18,1,8,경남,,1,,1,,2023-05-25 07:00,1,0.026,경화동,1,0.018
1,,47,0.003,0.3,,,1,14,1,7,경남,,1,,1,,2023-05-25 07:00,1,0.028,월영동,1,0.015
1,,74,0.003,0.4,,,1,45,2,24,경남,,1,,2,,2023-05-25 07:00,1,0.010,하동읍,2,0.022
1,,77,0.003,0.4,,,1,39,2,24,경남,,1,,2,,2023-05-25 07:00,1,0.019,금성면,2,0.020
1,,37,0.002,0.3,,,1,20,1,11,경남,,1,,1,,2023-05-25 07:00,1,0.020,동상동,1,0.007
1,,42,0.002,0.4,,,1,11,1,3,경남,,1,,1,,2023-05-25 07:00,1,0.015,삼방동,1,0.025
1,,90,0.004,0.3,,,1,17,2,11,경남,,2,,1,,2023-05-25 07:00,1,0.054,장유동,1,0.005
1,,51,0.004,0.4,,,1,31,2,16,경남,,1,,2,,2023-05-25 07:00,1,0.030,진영읍,2,0.010
1,,62,0.004,0.3,,,1,28,2,13,경남,,2,,1,,2023-05-25 07:00,1,0.037,김해대로,1,0.005
1,,53,0.002,0.0,,,2,13,2,8,경남,,1,,1,,2023-05-25 07:00,1,0.005,저구리,1,0.033
1,,35,0.002,0.4,통신장애,,1,7,1,-,경남,,1,,1,,2023-05-25 07:00,1,0.014,아주동,1,0.021
1,,28,0.001,0.4,,,1,8,1,8,경남,,1,,1,,2023-05-25 07:00,1,0.012,고현동,1,0.017
1,,59,0.004,0.3,,,1,37,2,15,경남,,1,,2,,2023-05-25 07:00,1,0.013,사천읍,2,0.026
1,,54,0.003,0.4,,,2,34,2,11,경남,,1,,1,,2023-05-25 07:00,1,0.010,향촌동,2,0.033
1,,64,0.002,0.5,,,1,27,2,18,경남,,1,,2,,2023-05-25 07:00,1,0.012,대산면,2,0.014
1,,47,0.005,0.4,,,1,20,1,12,경남,,1,,1,,2023-05-25 07:00,1,0.028,북부동,1,0.006
1,,38,0.002,0.3,,,1,21,1,7,경남,,1,,1,,2023-05-25 07:00,1,0.023,삼호동,1,0.014
1,,56,0.005,0.5,,,1,26,2,20,경남,,1,,2,,2023-05-25 07:00,1,0.026,물금읍,1,0.010
1,,47,0.005,0.5,,,1,28,1,14,울산,,1,,1,,2023-05-25 07:00,1,0.024,화산리,1,0.017
1,,43,0.003,0.4,,,1,20,1,14,울산,,1,,1,,2023-05-25 07:00,1,0.022,상남리,1,0.006
1,,32,0.003,0.4,,,1,6,1,3,울산,,1,,1,,2023-05-25 07:00,1,0.019,농소동,1,0.006
1,,64,0.004,0.5,,,1,23,2,21,울산,,1,,2,,2023-05-25 07:00,1,0.011,삼남읍,1,0.019
1,,45,0.004,0.5,,,1,31,1,10,울산,,1,,1,,2023-05-25 07:00,1,0.019,약사동,1,0.013
1,,59,0.004,0.5,,,1,23,2,19,울산,,1,,2,,2023-05-25 07:00,1,0.020,웅촌면,1,0.008
1,,56,0.002,0.5,,,1,21,2,19,울산,,1,,2,,2023-05-25 07:00,1,0.016,범서읍,1,0.008
1,,38,0.003,0.5,,,1,30,1,11,울산,,1,,1,,2023-05-25 07:00,1,0.022,북부순환도로,1,0.008
1,,43,0.002,0.4,,,1,18,1,16,울산,,1,,1,,2023-05-25 07:00,1,0.018,송정동 대기환경측정소,1,0.010
1,,40,0.002,0.4,,,1,26,1,11,울산,,1,,1,,2023-05-25 07:00,1,0.024,전하동,1,0.015
1,,56,0.003,0.2,,,1,30,2,16,경남,,1,,2,,2023-05-25 07:00,1,0.014,내일동,2,0.024
1,,43,0.002,0.3,,,1,15,1,7,경남,,1,,1,,2023-05-25 07:00,1,0.017,무전동,1,0.026
1,,50,0.002,0.3,,,1,22,1,13,경남,,1,,1,,2023-05-25 07:00,1,0.008,고성읍,1,0.029
1,,54,0.002,0.4,,,1,35,2,20,경남,,1,,2,,2023-05-25 07:00,1,0.018,거창읍,2,0.013
1,,40,0.002,0.4,,,1,21,1,12,경남,,1,,1,,2023-05-25 07:00,1,0.007,가야읍,1,0.023
1,,66,0.002,0.5,,,1,38,2,20,경남,,1,,2,,2023-05-25 07:00,1,0.014,함양읍,2,0.018
1,,50,0.002,0.4,,,1,24,1,12,경남,,1,,1,,2023-05-25 07:00,1,0.009,남해읍,1,0.029
,,,,,,,,,,,경남,,,,,,,,,산청읍,,
1,,-,0.002,0.4,,통신장애,1,-,,26,경남,,1,,2,,2023-05-25 07:00,1,0.020,남상면,,0.007
1,,66,0.003,0.3,,,1,29,2,20,경남,,1,,2,,2023-05-25 07:00,1,0.013,의령읍,2,0.022
1,,59,0.003,0.3,,,1,34,2,20,경남,,1,,2,,2023-05-25 07:00,1,0.021,창녕읍,2,0.016
1,,66,0.003,0.4,,,1,39,2,22,경남,,1,,2,,2023-05-25 07:00,1,0.014,합천읍,2,0.020
1,,59,0.002,0.3,,,1,42,2,19,경남,,2,,1,,2023-05-25 07:00,1,0.035,마산항,1,0.005
1,,62,0.004,0.5,,,1,54,2,17,울산,,2,,1,,2023-05-25 07:00,1,0.037,울산항,1,0.005
1,,59,0.002,0.3,,,2,29,2,11,광주,,1,,1,,2023-05-25 07:00,1,0.013,서석동,2,0.040
1,,59,0.003,0.3,,,2,34,2,16,광주,,1,,2,,2023-05-25 07:00,1,0.013,농성동,2,0.038
1,,76,0.003,0.4,,,1,58,2,19,광주,,1,,2,,2023-05-25 07:00,1,0.028,치평동,2,0.022
1,,59,0.003,0.7,,,2,35,2,15,광주,,1,,2,,2023-05-25 07:00,1,0.008,노대동,2,0.034
1,,72,0.003,0.4,,,1,60,2,23,광주,,2,,2,,2023-05-25 07:00,1,0.031,유촌동,2,0.020
1,,61,0.003,0.4,,,1,39,2,14,광주,,1,,1,,2023-05-25 07:00,1,0.027,두암동,2,0.026
1,,82,0.003,0.4,,,1,47,2,18,광주,,2,,2,,2023-05-25 07:00,1,0.049,운암동,2,0.010
1,,63,0.002,0.3,,,1,40,2,18,광주,,1,,2,,2023-05-25 07:00,1,0.017,건국동,2,0.028
1,,60,0.002,0.3,,,2,35,2,15,광주,,1,,1,,2023-05-25 07:00,1,0.008,일곡동,2,0.042
1,,68,0.003,0.4,,,1,46,2,19,광주,,1,,2,,2023-05-25 07:00,1,0.021,오선동,2,0.023
1,,67,0.003,0.3,,,1,48,2,18,광주,,2,,2,,2023-05-25 07:00,1,0.032,우산동(광주),2,0.016
1,,72,0.003,0.4,,,1,51,2,21,광주,,1,,2,,2023-05-25 07:00,1,0.024,평동,2,0.012
1,,61,0.003,0.3,,,2,34,2,18,광주,,1,,2,,2023-05-25 07:00,1,0.019,주월동,2,0.031
1,,75,0.002,0.4,,,1,42,2,15,전북,,1,,2,,2023-05-25 07:00,1,0.014,노송동,2,0.028
1,,86,0.003,0.4,,,2,61,2,19,전남,,1,,2,,2023-05-25 07:00,1,0.013,용당동,2,0.034
1,,73,0.003,0.4,,,1,47,2,11,전남,,2,,1,,2023-05-25 07:00,1,0.030,부흥동,2,0.022
1,,65,0.002,0.3,,,2,17,2,6,전남,,1,,1,,2023-05-25 07:00,1,0.013,서강동,2,0.031
1,,-,0.008,0.5,,통신장애,1,-,,8,전남,,1,,2,,2023-05-25 07:00,1,0.023,월내동,,0.027
1,,72,0.002,0.3,,,1,21,2,8,전남,,1,,1,,2023-05-25 07:00,1,0.014,문수동,2,0.030
1,,-,0.001,0.2,,통신장애,2,-,,11,전남,,1,,2,,2023-05-25 07:00,1,0.013,여천동(여수),,0.031
1,,56,0.002,0.4,,,2,12,2,10,전남,,1,,2,,2023-05-25 07:00,1,0.018,덕충동,2,0.030
1,,54,0.002,0.3,,,1,37,2,18,전남,,1,,1,,2023-05-25 07:00,1,0.008,장천동,2,0.028
1,,62,0.002,0.3,,,1,44,2,22,전남,,1,,2,,2023-05-25 07:00,1,0.020,연향동,2,0.018
1,,66,0.001,0.4,,,1,43,2,28,전남,,1,,2,,2023-05-25 07:00,1,0.012,순천만,2,0.022
1,,78,0.002,0.3,,,1,65,2,31,전남,,1,,2,,2023-05-25 07:00,1,0.010,호두리,2,0.022
1,,72,0.002,0.3,,,1,46,2,25,전남,,1,,2,,2023-05-25 07:00,1,0.021,신대,2,0.017
1,,67,0.002,0.2,,,1,42,2,19,전남,,1,,2,,2023-05-25 07:00,1,0.010,빛가람동,2,0.023
1,,69,0.002,0.3,,,1,45,2,18,전남,,1,,2,,2023-05-25 07:00,1,0.010,담양읍,2,0.029
1,,69,0.001,0.2,,,1,34,2,24,전남,,1,,2,,2023-05-25 07:00,1,0.020,장성읍,2,0.019
1,,74,0.002,0.3,,,1,46,2,22,전남,,1,,2,,2023-05-25 07:00,1,0.010,화양면,2,0.026
1,,76,0.001,0.5,,,1,51,2,21,전남,,1,,2,,2023-05-25 07:00,1,0.018,율촌면,2,0.013
1,,65,0.001,0.3,,,1,21,2,10,전남,,1,,2,,2023-05-25 07:00,1,0.013,삼일동,2,0.020
1,,89,0.003,0.3,,,2,68,2,27,전남,,1,,2,,2023-05-25 07:00,1,0.012,중동(유해+중금속),2,0.036
1,,76,0.005,0.4,,,1,45,2,25,전남,,1,,2,,2023-05-25 07:00,1,0.013,태인동,2,0.018
1,,67,0.002,0.4,,,1,44,2,19,전남,,1,,2,,2023-05-25 07:00,1,0.016,광양읍,2,0.019
1,,64,0.002,0.2,,,1,33,2,23,전남,,1,,2,,2023-05-25 07:00,1,0.006,봉강면,2,0.021
1,,76,0.003,0.3,,,1,53,2,20,전남,,1,,2,,2023-05-25 07:00,1,0.026,진월면,2,0.012
1,,-,0.003,0.4,통신장애,통신장애,1,-,,-,전남,,1,,,,2023-05-25 07:00,1,0.013,해남읍,,0.020
1,,71,0.001,0.4,,,1,46,2,19,전남,,1,,2,,2023-05-25 07:00,1,0.005,대불,2,0.027
1,,68,0.002,0.3,,,1,43,2,11,전남,,1,,2,,2023-05-25 07:00,1,0.013,영암읍,2,0.022
1,,52,0.002,0.2,,,2,26,2,12,전남,,1,,1,,2023-05-25 07:00,1,0.003,송단리,1,0.031
1,,63,0.004,0.3,,,1,42,2,12,전남,,1,,2,,2023-05-25 07:00,1,0.012,화순읍,2,0.027
1,,74,0.002,0.3,,,1,48,2,24,전남,,1,,2,,2023-05-25 07:00,1,0.008,영광읍,2,0.027
1,,77,0.001,0.5,,,2,56,2,22,전남,,1,,2,,2023-05-25 07:00,1,0.008,안마도,2,0.048
1,,74,0.002,0.3,,,1,35,2,16,전남,,1,,2,,2023-05-25 07:00,1,0.006,장흥읍,2,0.030
1,,58,0.003,0.5,,,2,27,2,12,전남,,1,,1,,2023-05-25 07:00,1,0.005,진도읍,2,0.039
1,,84,0.002,0.3,,,1,46,2,19,전남,,1,,2,,2023-05-25 07:00,1,0.004,신지면,2,0.023
1,,73,0.003,0.3,,,2,54,2,15,전남,,1,,1,,2023-05-25 07:00,1,0.012,함평읍,2,0.031
1,,70,0.001,0.4,,,1,52,2,22,전남,,1,,2,,2023-05-25 07:00,1,0.012,고흥읍,2,0.022
1,,81,0.002,0.2,,,2,50,2,18,전남,,1,,2,,2023-05-25 07:00,1,0.005,신안군,2,0.035
1,,78,0.002,0.3,,,2,69,2,34,전남,,1,,2,,2023-05-25 07:00,1,0.008,홍도,2,0.048
1,,72,0.001,0.2,,,2,34,2,12,전남,,1,,1,,2023-05-25 07:00,1,0.003,가거도,1,0.056
1,,73,0.003,0.3,,,1,52,2,16,전남,,1,,1,,2023-05-25 07:00,1,0.011,무안읍,2,0.028
1,,67,0.003,0.3,,,2,41,2,18,전남,,1,,2,,2023-05-25 07:00,1,0.006,강진읍,2,0.031
1,,65,0.003,0.4,,,1,40,2,15,전남,,1,,1,,2023-05-25 07:00,1,0.006,곡성읍,2,0.026
1,,72,0.002,0.4,,,1,46,2,13,전남,,1,,2,,2023-05-25 07:00,1,0.008,구례읍,2,0.016
1,,59,0.002,0.3,,,1,39,2,15,전남,,1,,2,,2023-05-25 07:00,1,0.010,벌교읍,2,0.015
1,,67,0.002,0.3,,,1,44,2,18,전남,,1,,2,,2023-05-25 07:00,1,0.005,보성읍,2,0.013
1,,84,0.002,0.3,,,2,68,2,33,전남,,1,,2,,2023-05-25 07:00,1,0.012,목포항,2,0.035
1,,79,0.004,0.5,,,1,58,2,23,전남,,1,,2,,2023-05-25 07:00,1,0.022,광양항,2,0.025
1,,63,0.003,0.3,,,2,22,2,10,전남,,2,,2,,2023-05-25 07:00,1,0.033,여수항,2,0.034
1,,84,0.003,0.3,,,1,87,2,35,전남,,1,,2,,2023-05-25 07:00,1,0.016,광양 중마,2,0.024
1,,81,0.003,0.2,,,2,57,2,31,전남,,1,,2,,2023-05-25 07:00,1,0.013,광양 율촌,2,0.033
1,,65,0.001,0.2,,,2,40,2,12,제주,,1,,1,,2023-05-25 07:00,1,0.010,이도동,2,0.045
1,,59,0.002,0.1,,,2,28,2,14,제주,,1,,2,,2023-05-25 07:00,1,0.009,연동,2,0.037
,통신장애,-,-,-,통신장애,통신장애,,-,,-,제주,통신장애,,통신장애,,통신장애,2023-05-25 07:00,,-,조천읍,,-
1,,57,0.001,0.1,,,1,42,2,20,제주,,1,,2,,2023-05-25 07:00,1,0.016,한림읍,2,0.019
1,,60,0.001,0.3,,,2,43,2,14,제주,,1,,1,,2023-05-25 07:00,1,0.014,화북동,2,0.032
1,,56,0.002,0.1,,,1,25,2,17,제주,,1,,2,,2023-05-25 07:00,1,0.010,애월읍,2,0.028
1,,65,0.002,0.1,,,2,53,2,19,제주,,1,,1,,2023-05-25 07:00,1,0.009,동홍동,2,0.047
1,,63,0.001,0.2,,,1,43,2,16,제주,,1,,2,,2023-05-25 07:00,1,0.006,성산읍,2,0.022
1,,60,0.001,0.4,,,2,52,2,21,제주,,1,,1,,2023-05-25 07:00,1,0.007,남원읍,2,0.042
1,,71,0.001,0.3,,,2,77,2,36,제주,,1,,2,,2023-05-25 07:00,1,0.007,강정동,2,0.055
1,,69,0.002,0.2,,,2,43,2,15,제주,,1,,1,,2023-05-25 07:00,1,0.007,대정읍,1,0.052
1,,60,0.002,0.5,,,1,31,2,8,제주,,1,,1,,2023-05-25 07:00,1,0.029,노형로,2,0.020
,통신장애,-,-,-,통신장애,,,13,,-,제주,통신장애,,통신장애,,통신장애,2023-05-25 07:00,,-,고산리,1,-
1,,56,0.003,0.1,,,1,34,2,16,대구,,1,,2,,2023-05-25 07:00,1,0.019,남산1동,2,0.015
1,,54,0.002,0.4,,,1,35,2,22,대구,,1,,2,,2023-05-25 07:00,1,0.021,수창동,2,0.017
1,,54,0.002,0.5,,,1,31,2,17,대구,,1,,2,,2023-05-25 07:00,1,0.018,지산동,2,0.014
1,,50,0.002,0.5,,,1,29,1,17,대구,,1,,1,,2023-05-25 07:00,1,0.021,서호동,1,0.013
1,,75,0.003,0.4,,,1,46,2,20,인천,,2,,2,,2023-05-25 07:00,1,0.045,아암,2,0.012
1,,75,0.003,0.6,,,1,57,2,22,인천,,2,,2,,2023-05-25 07:00,1,0.045,원당,2,0.008
1,,54,0.002,0.4,,,1,39,2,20,인천,,1,,2,,2023-05-25 07:00,1,0.015,길상,2,0.025
1,,66,0.004,0.4,,,1,39,2,27,인천,,2,,2,,2023-05-25 07:00,1,0.035,삼산,2,0.019
1,,62,0.004,0.3,,,1,78,2,36,인천,,2,,2,,2023-05-25 07:00,1,0.037,경인항,2,0.019
1,,77,0.003,0.3,,,1,65,2,28,인천,,2,,2,,2023-05-25 07:00,1,0.046,인천항,2,0.018
1,,51,0.002,0.3,,,1,36,2,16,인천,,1,,2,,2023-05-25 07:00,1,0.029,인천 신항,2,0.021
1,,84,0.004,0.4,,,1,55,2,21,인천,,2,,2,,2023-05-25 07:00,1,0.050,인천 북항,2,0.010
1,,72,0.004,0.3,,,1,52,2,18,인천,,2,,2,,2023-05-25 07:00,1,0.043,인천 남항,2,0.016
1,,59,0.003,0.4,,,1,43,2,21,경기,,1,,2,,2023-05-25 07:00,1,0.022,소사본동,2,0.028
1,,69,0.002,0.4,,,1,69,2,38,경기,,2,,2,,2023-05-25 07:00,1,0.041,내동,2,0.015
1,,59,0.002,0.3,,,2,43,2,20,경기,,1,,2,,2023-05-25 07:00,1,0.014,중2동,2,0.039
1,,80,0.002,0.4,,,1,67,2,25,경기,,2,,2,,2023-05-25 07:00,1,0.048,오정동,2,0.008
1,,76,0.003,0.4,,,1,50,2,18,경기,,1,,2,,2023-05-25 07:00,1,0.025,송내대로(중동),2,0.027
1,,64,0.002,0.6,,,1,38,2,23,인천,,1,,2,,2023-05-25 07:00,1,0.006,석모리,2,0.028
1,,80,0.002,0.0,,,2,24,2,12,인천,,1,,1,,2023-05-25 07:00,1,0.003,덕적도,1,0.065
1,,82,0.002,0.3,,,2,38,2,19,인천,,1,,1,,2023-05-25 07:00,1,0.005,백령도,2,0.068
1,,66,0.003,0.3,,,2,31,2,17,인천,,1,,2,,2023-05-25 07:00,1,0.007,영흥,2,0.042
1,,66,0.001,0.6,,,2,33,2,24,인천,,1,,2,,2023-05-25 07:00,1,0.012,연평도,2,0.043
1,,51,0.002,0.3,,,1,38,2,20,인천,,1,,2,,2023-05-25 07:00,1,0.023,울도,1,0.029
1,,74,0.003,0.3,,,2,39,2,26,충남,,1,,2,,2023-05-25 07:00,1,0.006,공주,2,0.041
1,,82,0.003,0.3,,,1,56,2,31,충남,,2,,2,,2023-05-25 07:00,1,0.034,탄천면,2,0.005
1,,74,0.002,0.5,,,1,44,2,22,충남,,1,,2,,2023-05-25 07:00,1,0.011,부여읍,2,0.025
1,,65,0.003,0.4,,,2,45,2,12,충남,,1,,1,,2023-05-25 07:00,1,0.014,독곶리,2,0.048
1,,67,0.003,0.3,,,2,42,2,18,충남,,1,,2,,2023-05-25 07:00,1,0.018,동문동,2,0.037
1,,54,0.002,0.4,,,1,20,2,15,충남,,1,,2,,2023-05-25 07:00,1,0.022,대산리,1,0.029
1,,59,0.002,0.3,,,1,36,2,23,충남,,1,,2,,2023-05-25 07:00,1,0.020,성연면,2,0.015
1,,80,0.003,0.4,,,2,42,2,17,충남,,1,,2,,2023-05-25 07:00,1,0.009,송산면,2,0.039
1,,72,0.003,0.3,,,2,46,2,12,충남,,1,,2,,2023-05-25 07:00,1,0.014,당진시청사,2,0.033
1,,74,0.002,0.3,,,1,65,2,33,충남,,1,,2,,2023-05-25 07:00,1,0.014,합덕읍,2,0.029
1,,81,0.003,0.4,,,1,46,2,21,충남,,2,,2,,2023-05-25 07:00,1,0.048,복운리,2,0.007
1,,66,0.003,0.3,,,2,40,2,22,충남,,1,,2,,2023-05-25 07:00,1,0.015,모종동,2,0.039
1,,74,0.003,0.3,,,1,51,2,23,충남,,1,,2,,2023-05-25 07:00,1,0.023,배방읍,2,0.027
1,,68,0.003,0.3,,,2,43,2,18,충남,,1,,2,,2023-05-25 07:00,1,0.013,도고면,2,0.038
1,,69,0.003,0.3,,,2,51,2,25,충남,,1,,2,,2023-05-25 07:00,1,0.014,둔포면,2,0.033
1,,71,0.003,0.3,,,1,49,2,20,충남,,1,,2,,2023-05-25 07:00,1,0.025,인주면,2,0.027
1,,68,0.003,0.5,,,1,61,2,25,충남,,2,,2,,2023-05-25 07:00,1,0.039,장재리,2,0.011
1,,63,0.002,0.2,,,2,27,2,12,충남,,1,,2,,2023-05-25 07:00,1,0.006,송악면,2,0.044
1,,76,0.003,0.4,,,1,56,2,16,충남,,1,,2,,2023-05-25 07:00,1,0.019,논산,2,0.015
1,,68,0.002,0.3,,,1,39,2,13,충남,,1,,2,,2023-05-25 07:00,1,0.023,연무읍,2,0.019
1,,84,0.002,0.4,,,1,68,2,34,충남,,1,,2,,2023-05-25 07:00,1,0.014,성동면,2,0.021
1,,74,0.001,0.3,,,1,74,2,48,충남,,1,,2,,2023-05-25 07:00,1,0.006,파도리,2,0.003
1,,52,0.002,0.3,,,2,13,2,7,충남,,1,,1,,2023-05-25 07:00,1,0.006,이원면,1,0.032
1,,60,0.002,0.5,,,1,37,2,15,충남,,1,,2,,2023-05-25 07:00,1,0.026,태안읍,2,0.022
,통신장애,66,-,-,,통신장애,,-,2,27,충남,통신장애,,통신장애,2,통신장애,2023-05-25 07:00,,-,격렬비열도,,-
1,,56,0.002,0.4,,,1,36,2,26,충남,,1,,2,,2023-05-25 07:00,1,0.013,원북면,2,0.017
1,,59,0.003,0.3,,,2,36,2,17,충남,,1,,2,,2023-05-25 07:00,1,0.012,예산군,2,0.032
1,,73,0.003,0.3,,,2,45,2,18,충남,,1,,2,,2023-05-25 07:00,1,0.007,삽교읍,2,0.038
1,,66,0.003,0.3,,,2,36,2,23,충남,,1,,2,,2023-05-25 07:00,1,0.005,대천2동,2,0.041
1,,65,0.003,0.3,,,1,53,2,20,충남,,1,,2,,2023-05-25 07:00,1,0.018,주교면,2,0.025
1,,73,0.002,0.5,,,2,70,2,27,충남,,1,,2,,2023-05-25 07:00,1,0.006,외연도,2,0.057
1,,62,0.003,0.3,,,1,43,2,16,충남,,1,,2,,2023-05-25 07:00,1,0.018,홍성읍,2,0.022
1,,63,0.002,0.3,,,2,34,2,10,충남,,1,,1,,2023-05-25 07:00,1,0.019,내포,2,0.031
1,,69,0.004,0.3,,,1,40,2,23,충남,,1,,2,,2023-05-25 07:00,1,0.013,금산읍,2,0.024
1,,69,0.003,0.2,,,1,29,2,23,충남,,1,,2,,2023-05-25 07:00,1,0.007,청양읍,2,0.029
1,,64,0.003,0.2,,,2,40,2,17,충남,,1,,2,,2023-05-25 07:00,1,0.006,정산면,2,0.035
1,,81,0.003,0.4,,,2,60,2,15,충남,,1,,2,,2023-05-25 07:00,1,0.009,엄사면,2,0.040
1,,77,0.003,0.3,,,1,62,2,32,충남,,2,,2,,2023-05-25 07:00,1,0.037,평택당진항,2,0.019
1,,57,0.001,0.3,,,1,38,2,19,충남,,1,,2,,2023-05-25 07:00,1,0.013,대산항,2,0.030
1,,83,0.001,0.3,,,2,60,2,27,충남,,1,,2,,2023-05-25 07:00,1,0.012,장항항,2,0.031
1,,61,0.001,0.2,,,1,43,2,22,충남,,1,,2,,2023-05-25 07:00,1,0.028,평택당진항(당진항),2,0.018
1,,65,0.002,0.4,,,1,40,2,20,세종,,1,,2,,2023-05-25 07:00,1,0.018,신흥동,2,0.025
1,,71,0.002,0.3,,,1,52,2,14,세종,,1,,1,,2023-05-25 07:00,1,0.026,아름동,2,0.023
1,,69,0.002,0.3,,,1,46,2,19,세종,,1,,2,,2023-05-25 07:00,1,0.020,한솔동,2,0.025
1,,66,0.002,0.3,,,1,49,2,16,세종,,1,,1,,2023-05-25 07:00,1,0.030,부강면,2,0.021
1,,62,0.003,0.4,,,2,39,2,18,세종,,1,,1,,2023-05-25 07:00,1,0.016,보람동,2,0.038
1,,74,0.002,0.4,,,1,60,2,22,세종,,1,,2,,2023-05-25 07:00,1,0.014,전의면,2,0.016
1,,62,0.002,0.3,,,1,40,2,11,강원,,1,,1,,2023-05-25 07:00,1,0.015,중앙동(강원),2,0.015
1,,54,0.002,0.4,,,1,42,2,20,강원,,1,,2,,2023-05-25 07:00,1,0.013,반곡동(명륜동),2,0.022
1,,64,0.002,0.4,,,1,39,2,22,강원,,1,,2,,2023-05-25 07:00,1,0.016,문막읍,1,0.012
1,,64,0.001,0.3,,,1,31,2,18,강원,,1,,2,,2023-05-25 07:00,1,0.012,지정면,1,0.018
1,,55,0.001,0.4,,,2,23,2,7,강원,,1,,1,,2023-05-25 07:00,1,0.014,주문진읍,1,0.035
1,,58,0.002,0.4,,,2,37,2,19,강원,,1,,2,,2023-05-25 07:00,1,0.015,옥천동,1,0.039
1,,59,0.002,0.7,,,1,31,2,11,강원,,2,,1,,2023-05-25 07:00,1,0.035,천곡동,1,0.009
1,,40,0.001,0.2,,,1,8,1,6,강원,,1,,1,,2023-05-25 07:00,1,0.014,남양동1,1,0.024
1,,33,0.002,0.3,,,1,12,1,4,강원,,1,,1,,2023-05-25 07:00,1,0.012,평창읍,1,0.020
1,,54,0.002,0.3,통신장애,,1,18,2,-,강원,,1,,2,,2023-05-25 07:00,1,0.004,북평면,1,0.022
1,,30,0.002,0.2,,,1,19,1,8,강원,,1,,1,,2023-05-25 07:00,1,0.006,정선읍,1,0.018
1,,83,0.002,0.4,,,2,55,2,31,강원,,1,,2,,2023-05-25 07:00,1,0.007,간성읍,2,0.069
1,,54,0.002,0.2,,,1,27,2,23,강원,,1,,2,,2023-05-25 07:00,1,0.007,치악산,1,0.015
1,,43,0.002,0.4,,,1,22,1,12,강원,,1,,1,,2023-05-25 07:00,1,0.012,횡성읍,1,0.019
1,,-,0.014,0.5,통신장애,통신장애,2,-,,-,강원,,1,,,,2023-05-25 07:00,1,0.007,상리,,0.044
1,,70,0.002,0.4,,,2,28,2,5,강원,,1,,1,,2023-05-25 07:00,1,0.009,양양읍,1,0.053
1,,57,0.003,0.4,,,2,34,2,19,강원,,1,,2,,2023-05-25 07:00,1,0.014,금호동,2,0.037
1,,56,0.002,0.3,,,1,32,2,17,강원,,2,,2,,2023-05-25 07:00,1,0.031,갈말읍,2,0.014
,,43,-,0.2,,,1,21,1,16,강원,,1,,1,통신장애,2023-05-25 07:00,1,0.011,홍천읍,1,0.017
1,,30,0.002,0.5,,,1,14,1,11,강원,,1,,1,,2023-05-25 07:00,1,0.008,영월읍,1,0.011
1,,52,0.001,0.2,,,2,30,2,14,강원,,1,,1,,2023-05-25 07:00,1,0.005,화천읍,2,0.031
1,,23,0.003,0.5,,,1,17,1,8,강원,,1,,1,,2023-05-25 07:00,1,0.014,황지동,1,0.013
,,53,-,0.3,,,2,21,2,12,강원,,1,,1,통신장애,2023-05-25 07:00,1,0.007,인제읍,1,0.032
1,,37,0.001,0.1,,,1,24,1,13,강원,,1,,1,,2023-05-25 07:00,1,0.009,우천면,1,0.022
1,,59,0.002,0.5,,,1,44,2,18,충북,,1,,2,,2023-05-25 07:00,1,0.023,호암동,2,0.012
1,,54,0.002,0.3,,,1,38,2,19,충북,,1,,2,,2023-05-25 07:00,1,0.022,칠금동,2,0.015
1,,72,0.002,0.2,,,1,40,2,26,충북,,1,,2,,2023-05-25 07:00,1,0.028,중앙탑면,2,0.026
1,,-,0.002,0.3,통신장애,,1,20,,-,충북,,1,,,,2023-05-25 07:00,1,0.008,살미면,1,0.014
1,,55,0.001,0.6,,,1,39,2,13,충북,,1,,1,,2023-05-25 07:00,1,0.019,장락동,2,0.015
1,,56,0.001,0.3,,,1,39,2,20,충북,,1,,2,,2023-05-25 07:00,1,0.022,영천동,2,0.009
1,,27,0.001,0.2,,,1,11,1,8,충북,,1,,1,,2023-05-25 07:00,1,0.009,청풍면,1,0.016
1,,63,0.001,0.3,,,1,43,2,18,충북,,1,,2,,2023-05-25 07:00,1,0.014,오창읍,2,0.023
1,,61,0.002,0.2,,,1,38,2,17,충북,,1,,2,,2023-05-25 07:00,1,0.019,산남동,2,0.027
1,,67,0.001,0.3,,,2,41,2,19,충북,,1,,2,,2023-05-25 07:00,1,0.010,오송읍,2,0.034
1,,64,0.001,0.2,,,1,31,2,21,충북,,1,,2,,2023-05-25 07:00,1,0.008,가덕면,1,0.028
1,,34,0.003,0.6,,,1,25,1,12,충북,,1,,1,,2023-05-25 07:00,1,0.020,매포읍,1,0.007
1,,38,0.002,0.3,,,1,18,1,11,충북,,1,,1,,2023-05-25 07:00,1,0.009,단성면,1,0.023
1,,-,0.002,0.3,통신장애,,1,8,,-,충북,,1,,,,2023-05-25 07:00,1,0.005,단양읍,1,0.022
1,,30,0.001,0.1,,,1,20,1,10,충북,,1,,1,,2023-05-25 07:00,1,0.005,청천면,1,0.009
1,,51,0.002,0.3,,,1,25,2,14,충북,,1,,2,,2023-05-25 07:00,1,0.009,괴산읍,1,0.016
1,,37,0.002,0.2,,,1,23,1,13,충북,,1,,1,,2023-05-25 07:00,1,0.007,감물면,1,0.016
1,,77,0.002,0.4,,,2,48,2,27,충북,,1,,2,,2023-05-25 07:00,1,0.013,진천읍,2,0.033
1,,66,0.003,0.2,,,2,42,2,16,충북,,1,,2,,2023-05-25 07:00,1,0.006,덕산읍,2,0.037
1,,66,0.001,0.3,,,1,46,2,20,충북,,1,,2,,2023-05-25 07:00,1,0.022,금왕,2,0.020
1,,66,0.002,0.3,,,1,30,2,20,충북,,1,,2,,2023-05-25 07:00,1,0.017,음성읍,2,0.019
1,,54,0.001,0.3,,,1,25,2,18,충북,,1,,2,,2023-05-25 07:00,1,0.010,소이면,1,0.020
1,,54,0.002,0.3,,,1,30,2,17,충북,,1,,2,,2023-05-25 07:00,1,0.012,영동읍,1,0.019
1,,56,0.001,0.2,,,1,34,2,16,충북,,1,,2,,2023-05-25 07:00,1,0.011,황간면,1,0.022
1,,66,0.002,0.3,,,2,44,2,23,충북,,1,,2,,2023-05-25 07:00,1,0.010,도안면,2,0.031
1,,57,0.002,0.3,,,2,37,2,13,충북,,1,,1,,2023-05-25 07:00,1,0.006,증평읍,2,0.038
1,,50,0.002,0.3,,,1,33,1,16,충북,,1,,1,,2023-05-25 07:00,1,0.007,보은읍,1,0.025
1,,64,0.002,0.5,,,1,40,2,18,충북,,2,,2,,2023-05-25 07:00,1,0.038,옥천읍,2,0.005
1,,74,0.002,0.4,,,1,50,2,14,전북,,1,,2,,2023-05-25 07:00,1,0.014,삼천동,2,0.028
1,,83,0.002,0.4,,,1,60,2,24,전북,,1,,2,,2023-05-25 07:00,1,0.019,팔복동,2,0.026
1,,82,0.002,0.4,,,1,59,2,22,전북,,1,,2,,2023-05-25 07:00,1,0.027,송천동,2,0.014
1,,75,0.002,0.4,,,,46,2,26,전북,,1,통신장애,2,,2023-05-25 07:00,1,0.016,서신동,2,-
1,,79,0.002,0.3,,,1,57,2,25,전북,,1,,2,,2023-05-25 07:00,1,0.022,혁신동,2,0.011
1,,85,0.002,0.4,,,1,54,2,27,전북,,1,,2,,2023-05-25 07:00,1,0.013,여의동,2,0.028
1,,75,0.002,0.4,,,2,44,2,17,전북,,1,,2,,2023-05-25 07:00,1,0.014,효자동,2,0.031
1,,85,0.002,0.4,,,2,67,2,27,전북,,1,,2,,2023-05-25 07:00,1,0.012,신풍동(군산),2,0.036
1,,86,0.002,0.4,,,2,71,2,23,전북,,1,,2,,2023-05-25 07:00,1,0.015,소룡동,2,0.039
1,,82,0.002,0.3,,,2,55,2,27,전북,,1,,2,,2023-05-25 07:00,1,0.014,사정동,2,0.031
1,,79,0.002,0.3,,,1,53,2,26,전북,,1,,2,,2023-05-25 07:00,1,0.015,옥산면,2,0.021
1,,83,0.004,0.4,,,2,76,2,31,전북,,1,,2,,2023-05-25 07:00,1,0.021,비응도동,2,0.037
,통신장애,76,-,-,,,,57,2,28,전북,통신장애,,통신장애,2,통신장애,2023-05-25 07:00,,-,말도,2,-
1,,81,0.002,0.4,,,1,60,2,22,전북,,1,,2,,2023-05-25 07:00,1,0.026,소룡동2,2,0.026
1,,82,0.002,0.3,,,1,62,2,26,전북,,1,,2,,2023-05-25 07:00,1,0.017,삼기면,2,0.017
1,,80,0.002,0.3,,,1,53,2,25,전북,,1,,2,,2023-05-25 07:00,1,0.022,팔봉동,2,0.026
1,,87,0.003,0.4,,,2,69,2,34,전북,,1,,2,,2023-05-25 07:00,1,0.014,모현동,2,0.033
1,,86,0.003,0.3,,,1,75,2,30,전북,,1,,2,,2023-05-25 07:00,1,0.015,용동면,2,0.016
1,,85,0.002,0.3,,,1,66,2,25,전북,,1,,2,,2023-05-25 07:00,1,0.015,함열읍,2,0.020
1,,90,0.002,0.3,,,1,51,2,33,전북,,1,,2,,2023-05-25 07:00,1,0.018,춘포면,2,0.012
1,,69,0.002,0.4,,,1,34,2,13,전북,,1,,2,,2023-05-25 07:00,1,0.020,여산면,2,0.015
1,,-,0.002,0.3,통신장애,,1,44,,-,전북,,1,,,,2023-05-25 07:00,1,0.012,금마면,2,0.027
1,,69,0.001,0.3,,,2,43,2,22,전북,,1,,2,,2023-05-25 07:00,1,0.009,연지동,2,0.043
1,,79,0.002,0.3,,,2,56,2,22,전북,,1,,2,,2023-05-25 07:00,1,0.012,신태인,2,0.034
1,,72,0.002,0.3,,,2,43,2,19,전북,,1,,2,,2023-05-25 07:00,1,0.007,영파동,2,0.038
1,,69,0.002,0.3,,,2,32,2,21,전북,,1,,2,,2023-05-25 07:00,1,0.009,죽항동,2,0.034
1,,-,0.002,0.3,,통신장애,2,-,,16,전북,,1,,2,,2023-05-25 07:00,1,0.007,운봉읍,,0.041
1,,66,0.002,0.3,,,2,41,2,18,전북,,1,,2,,2023-05-25 07:00,1,0.009,고창읍,2,0.043
1,,69,0.002,0.3,,,2,47,2,22,전북,,1,,2,,2023-05-25 07:00,1,0.010,심원면,2,0.037
1,,82,0.002,0.5,,,1,67,2,26,전북,,1,,2,,2023-05-25 07:00,1,0.017,부안읍,2,0.019
1,,71,0.002,0.5,,,2,50,2,20,전북,,1,,2,,2023-05-25 07:00,1,0.005,새만금,2,0.043
1,,76,0.002,0.4,,,1,58,2,27,전북,,1,,2,,2023-05-25 07:00,1,0.011,계화면,2,0.026
1,,80,0.002,0.4,,,1,49,2,28,전북,,1,,2,,2023-05-25 07:00,1,0.015,요촌동,2,0.028
1,,82,0.002,0.4,,,1,59,2,26,전북,,1,,2,,2023-05-25 07:00,1,0.011,광활면,2,0.022
1,,69,0.001,0.3,,,1,43,2,23,전북,,1,,2,,2023-05-25 07:00,1,0.007,고산면,2,0.018
1,,69,0.002,0.3,,,1,36,2,18,전북,,1,,2,,2023-05-25 07:00,1,0.008,봉동읍,2,0.017
1,,66,0.001,0.2,,,2,36,2,20,전북,,1,,2,,2023-05-25 07:00,1,0.004,구이면,2,0.035
1,,66,0.002,0.3,,,1,39,2,17,전북,,1,,2,,2023-05-25 07:00,1,0.006,진안읍,2,0.028
1,,61,0.001,0.4,,,1,27,2,17,전북,,1,,2,,2023-05-25 07:00,1,0.004,운암면,2,0.020
1,,72,0.002,0.3,,,1,49,2,27,전북,,1,,2,,2023-05-25 07:00,1,0.006,임실읍,2,0.030
1,,74,0.002,0.3,,,1,53,2,24,전북,,1,,2,,2023-05-25 07:00,1,0.018,관촌면,2,0.024
1,,64,0.002,0.3,,,1,37,2,24,전북,,1,,2,,2023-05-25 07:00,1,0.006,무주읍,2,0.021
1,,77,0.002,0.2,,,1,37,2,26,전북,,1,,2,,2023-05-25 07:00,1,0.010,순창읍,2,0.024
1,,74,0.002,0.3,,,1,50,2,24,전북,,1,,2,,2023-05-25 07:00,1,0.007,장수읍,2,0.029
1,,79,0.002,0.5,,,1,57,2,20,충남,,1,,2,,2023-05-25 07:00,1,0.009,서천읍,2,0.008
1,,62,0.002,0.4,,,1,37,2,15,충남,,1,,1,,2023-05-25 07:00,1,0.008,서면,2,0.025
1,,82,0.002,0.3,,,1,53,2,20,충남,,1,,2,,2023-05-25 07:00,1,0.012,장항읍,2,0.029
1,,18,0.001,0.2,,,1,8,1,5,경북,,1,,1,,2023-05-25 07:00,1,0.004,청송읍,1,0.011
1,,84,0.002,0.3,,,2,68,2,29,전북,,1,,2,,2023-05-25 07:00,1,0.017,군산항,2,0.036
1,,57,0.004,0.4,,,2,44,2,20,인천,,1,,1,,2023-05-25 07:00,1,0.028,신흥,2,0.030
1,,84,0.004,0.5,,,1,85,2,30,인천,,2,,2,,2023-05-25 07:00,1,0.050,서해,2,0.006
1,,61,0.003,0.4,,,2,34,2,19,인천,,1,,2,,2023-05-25 07:00,1,0.013,영종,2,0.032
,,,,,,,,,,,인천,,,,,,,,,송림,,
1,,75,0.003,0.6,,,1,50,2,28,인천,,2,,2,,2023-05-25 07:00,1,0.045,구월동,2,0.007
1,,54,0.004,0.5,,,2,38,2,23,인천,,1,,2,,2023-05-25 07:00,1,0.024,숭의,2,0.031
1,,59,0.004,0.5,,,1,39,2,20,인천,,2,,2,,2023-05-25 07:00,1,0.035,석바위,2,0.023
1,,66,0.005,0.4,,,1,49,2,29,인천,,2,,2,,2023-05-25 07:00,1,0.036,부평역,2,0.025
1,,82,0.003,0.4,,,1,97,2,32,인천,,2,,2,,2023-05-25 07:00,1,0.049,남동,2,0.002
1,,61,0.004,0.4,,,2,38,2,22,인천,,1,,2,,2023-05-25 07:00,1,0.022,주안,2,0.036
1,,66,0.004,0.5,,,2,42,2,25,인천,,1,,2,,2023-05-25 07:00,1,0.023,부평,2,0.036
1,,66,0.004,0.4,,,2,31,2,22,인천,,1,,2,,2023-05-25 07:00,1,0.018,연희,1,0.035
1,,72,0.004,0.5,,,1,41,2,25,인천,,1,,2,,2023-05-25 07:00,1,0.021,검단,2,0.029
1,,84,0.004,0.5,,,1,57,2,26,인천,,2,,2,,2023-05-25 07:00,1,0.050,중봉,2,0.011
1,,60,0.004,0.7,,,2,45,2,20,인천,,1,,2,,2023-05-25 07:00,1,0.018,계산,2,0.038
1,,61,0.004,0.5,,,1,38,2,23,인천,,1,,2,,2023-05-25 07:00,1,0.024,효성,2,0.024
1,,99,0.005,0.6,,,1,65,2,34,인천,,2,,2,,2023-05-25 07:00,1,0.059,고잔,2,0.010
1,,66,0.003,0.4,,,1,42,2,22,인천,,2,,2,,2023-05-25 07:00,1,0.039,서창,2,0.012
1,,66,0.004,0.5,,,1,46,2,22,인천,,2,,2,,2023-05-25 07:00,1,0.034,석남,2,0.022
1,,58,0.003,0.4,,,2,37,2,12,인천,,1,,1,,2023-05-25 07:00,1,0.017,송해,2,0.038
1,,76,0.004,0.6,,,1,48,2,31,인천,,2,,2,,2023-05-25 07:00,1,0.046,동춘,2,0.009
,,,,,,,,,,,인천,,,,,,,,,운서,,
1,,59,0.004,0.4,,,1,49,2,23,인천,,2,,2,,2023-05-25 07:00,1,0.035,송현,2,0.021
1,,69,0.003,0.6,,,1,43,2,23,인천,,2,,2,,2023-05-25 07:00,1,0.041,논현,2,0.010
,,,,,,,,,,,인천,,,,,,,,,청라,,
1,,57,0.004,0.5,,,1,45,2,22,인천,,2,,2,,2023-05-25 07:00,1,0.032,송도,2,0.027
1,,50,0.002,0.3,,,1,29,1,14,경기,,1,,1,,2023-05-25 07:00,1,0.007,용문면,1,0.022
1,,66,0.001,0.4,,,1,44,2,22,경기,,1,,2,,2023-05-25 07:00,1,0.013,양평읍,2,0.018
1,,69,0.002,0.5,,,2,45,2,20,경기,,1,,1,,2023-05-25 07:00,1,0.007,연천(DMZ),2,0.052
1,,54,0.002,0.3,,,2,31,2,14,강원,,1,,1,,2023-05-25 07:00,1,0.011,중앙로,2,0.034
1,,64,0.003,0.5,,,1,28,2,21,강원,,1,,2,,2023-05-25 07:00,1,0.014,석사동,2,0.025
1,,57,0.002,0.5,,,2,33,2,17,강원,,1,,2,,2023-05-25 07:00,1,0.007,신사우동,2,0.037
1,,61,0.002,0.4,,,1,42,2,22,강원,,1,,2,,2023-05-25 07:00,1,0.024,온의동,2,0.018
1,,50,0.002,0.3,,,1,23,1,15,강원,,1,,1,,2023-05-25 07:00,1,0.002,방산면,1,0.030
,,50,-,0.3,,,1,20,1,13,강원,,1,,1,통신장애,2023-05-25 07:00,1,0.006,양구읍,1,0.024
1,,59,0.002,0.4,,,1,52,2,21,강원,,1,,1,,2023-05-25 07:00,1,0.030,동해항,2,0.015
1,,45,0.003,0.6,통신장애,통신장애,1,-,1,-,강원,,1,,1,,2023-05-25 07:00,1,0.027,묵호항,1,0.011
1,,-,0.001,0.3,통신장애,통신장애,1,-,,-,강원,,1,,,,2023-05-25 08:00,1,0.004,철원(DMZ),,0.023
1,,-,0.002,0.5,,통신장애,2,-,,29,강원,,1,,2,,2023-05-25 07:00,1,0.007,화천(DMZ),,0.071
1,,83,0.002,0.3,,,2,63,2,30,강원,,1,,2,,2023-05-25 07:00,1,0.007,인제(DMZ),2,0.069
1,,78,0.002,0.2,,,2,39,2,26,강원,,1,,2,,2023-05-25 07:00,1,0.004,고성(DMZ),2,0.063
1,,37,0.002,0.3,,,1,15,1,3,부산,,1,,1,,2023-05-25 07:00,1,0.014,광복동,1,0.022
1,,45,0.002,0.4,,,1,14,1,12,부산,,1,,1,,2023-05-25 07:00,1,0.027,초량동,1,0.011
1,,61,0.003,0.2,,,1,11,2,2,부산,,2,,1,,2023-05-25 07:00,1,0.036,태종대,1,0.005
1,,47,0.002,0.3,,,1,17,1,7,부산,,1,,1,,2023-05-25 07:00,1,0.028,청학동,1,0.006
1,,34,0.002,0.4,,,1,10,1,9,부산,,1,,1,,2023-05-25 07:00,1,0.020,전포동,1,0.017
1,,60,0.002,0.3,,,1,23,2,6,부산,,2,,1,,2023-05-25 07:00,1,0.036,온천동,1,0.007
,통신장애,41,-,-,,,1,12,1,10,부산,,1,,1,통신장애,2023-05-25 07:00,,0.025,명장동,1,0.010
1,,39,0.002,0.4,,,1,12,1,4,부산,,1,,1,,2023-05-25 07:00,1,0.015,대연동,1,0.023
1,,37,0.003,0.3,,,1,14,1,3,부산,,1,,1,,2023-05-25 07:00,1,0.022,용호동,1,0.013
1,,42,0.001,0.3,,,1,12,1,5,부산,,1,,1,,2023-05-25 07:00,1,0.025,학장동,1,0.009
1,,49,0.003,0.3,,,1,17,1,8,부산,,1,,1,,2023-05-25 07:00,1,0.029,덕천동,1,0.010
,통신장애,33,-,-,,,1,7,1,2,부산,,1,,1,통신장애,2023-05-25 07:00,,0.018,화명동,1,0.020
1,,49,0.003,0.5,,,1,21,1,6,부산,,1,,1,,2023-05-25 07:00,1,0.029,삼락동,1,0.004
,통신장애,-,-,-,통신장애,,1,9,,-,부산,,1,,,통신장애,2023-05-25 07:00,,0.024,청룡동,1,0.008
1,,23,0.003,0.3,,,1,13,1,2,부산,,1,,1,,2023-05-25 07:00,1,0.010,좌동,1,0.012
1,,32,0.007,0.2,,,1,15,1,10,부산,,1,,1,,2023-05-25 07:00,1,0.019,재송동,1,0.013
1,,52,0.002,0.3,,,1,22,2,10,부산,,2,,1,,2023-05-25 07:00,1,0.031,장림동,1,0.003
1,,50,0.004,0.4,,,1,29,1,12,부산,,1,,1,,2023-05-25 07:00,1,0.030,대저동,1,0.004
1,,35,0.002,0.2,,,1,12,1,10,부산,,1,,1,,2023-05-25 07:00,1,0.021,녹산동,1,0.015
1,,43,0.003,0.3,,,1,17,1,10,부산,,1,,1,,2023-05-25 07:00,1,0.026,명지동,1,0.009
1,,-,0.002,0.3,통신장애,,1,10,,-,부산,,1,,,,2023-05-25 07:00,1,0.018,연산동,1,0.014
1,,22,0.002,0.2,통신장애,,1,11,1,-,부산,,1,,1,,2023-05-25 07:00,1,0.009,기장읍,1,0.013
1,,41,0.003,0.2,,,1,9,1,3,부산,,1,,1,,2023-05-25 07:00,1,0.010,용수리,1,0.025
1,,48,0.002,0.4,,,1,13,1,9,부산,,1,,1,,2023-05-25 07:00,1,0.011,수정동,1,0.029
1,,31,0.001,0.4,,,1,14,1,10,부산,,1,,1,,2023-05-25 07:00,1,0.016,부곡동,1,0.019
1,,25,0.002,0.3,,,1,9,1,7,부산,,1,,1,,2023-05-25 07:00,1,0.015,회동동,1,0.012
,통신장애,30,-,-,,,1,14,1,9,부산,,1,,1,통신장애,2023-05-25 07:00,,0.014,광안동,1,0.018
1,,43,0.005,0.3,,,1,10,1,2,부산,,1,,1,,2023-05-25 07:00,1,0.018,대신동,1,0.026
1,,56,0.003,0.3,,,1,13,2,13,부산,,2,,1,,2023-05-25 07:00,1,0.033,덕포동,1,0.008
1,,50,0.003,0.3,,,1,15,1,9,부산,,1,,1,,2023-05-25 07:00,1,0.030,개금동,1,0.008
1,,43,0.002,0.3,,,1,12,1,2,부산,,1,,1,,2023-05-25 07:00,1,0.013,당리동,1,0.026
1,,59,0.003,0.4,,,1,26,2,16,부산,,2,,1,,2023-05-25 07:00,1,0.035,부산항,1,0.007
1,,61,0.004,0.4,통신장애,통신장애,1,-,2,-,부산,,2,,1,,2023-05-25 07:00,1,0.036,부산신항,1,0.006
1,,67,0.004,0.3,,,1,24,2,12,부산,,2,,1,,2023-05-25 07:00,1,0.040,부산북항,1,0.007
1,,-,0.003,0.2,통신장애,통신장애,1,-,,-,부산,,2,,,,2023-05-25 07:00,1,0.031,부산감만,1,0.010
1,,59,0.002,0.3,,,1,21,2,6,경남,,2,,1,,2023-05-25 07:00,1,0.035,회원동,1,0.009
1,,47,0.003,0.3,,,1,12,1,11,경남,,1,,1,,2023-05-25 07:00,1,0.028,봉암동,1,0.008
1,,43,0.002,0.4,,,1,17,1,13,경남,,1,,1,,2023-05-25 07:00,1,0.017,내서읍,1,0.022
1,,55,0.003,0.7,,,1,22,2,7,울산,,2,,1,,2023-05-25 07:00,1,0.033,대송동,1,0.007
1,,43,0.003,0.5,,,1,23,1,15,울산,,1,,1,,2023-05-25 07:00,1,0.021,성남동,1,0.008
,,,,,,,,,,,울산,,,,,,,,,부곡동(울산),,
1,,55,0.006,0.3,,,1,35,2,22,울산,,2,,1,,2023-05-25 07:00,1,0.032,여천동(울산),1,0.010
1,,47,0.004,0.4,,,1,25,1,17,울산,,1,,1,,2023-05-25 07:00,1,0.019,야음동,1,0.012
1,,43,0.003,0.3,,,1,28,1,12,울산,,1,,1,,2023-05-25 07:00,1,0.020,삼산동,1,0.009
1,,43,0.002,0.5,,,1,23,1,15,울산,,1,,1,,2023-05-25 07:00,1,0.015,신정로,1,0.006
1,,61,0.003,0.5,,,1,27,2,24,울산,,1,,2,,2023-05-25 07:00,1,0.025,신정동,1,0.010
1,,47,0.003,0.4,,,1,21,1,13,울산,,1,,1,,2023-05-25 07:00,1,0.013,덕신리,1,0.012
1,,66,0.003,0.3,,,1,23,2,21,울산,,1,,2,,2023-05-25 07:00,1,0.024,무거동,1,0.004
1,,42,0.002,0.4,,,1,27,1,12,울산,,1,,1,,2023-05-25 07:00,1,0.025,효문동,1,0.008
1,,72,0.002,0.4,,,2,44,2,25,경남,,1,,2,,2023-05-25 07:00,1,0.011,상봉동,2,0.032
1,,67,0.002,0.5,,,2,40,2,15,경남,,1,,2,,2023-05-25 07:00,1,0.012,대안동,2,0.038
1,,72,0.003,0.4,,,1,41,2,25,경남,,1,,2,,2023-05-25 07:00,1,0.014,상대동(진주),2,0.027
1,,74,0.002,0.4,,,1,34,2,25,경남,,1,,2,,2023-05-25 07:00,1,0.029,정촌면,2,0.015
1,,43,0.003,0.3,,,1,25,1,14,경남,,1,,1,,2023-05-25 07:00,1,0.024,명서동,1,0.016
1,,52,0.004,0.4,,,1,19,2,13,경남,,2,,1,,2023-05-25 07:00,1,0.031,웅남동,1,0.011
1,,59,0.003,0.4,,,1,21,2,13,경남,,2,,1,,2023-05-25 07:00,1,0.035,성주동,1,0.008
1,,45,0.002,0.5,,,1,24,1,15,경남,,1,,1,,2023-05-25 07:00,1,0.023,용지동,1,0.014
1,,61,0.004,0.4,,,1,36,2,18,서울,,2,,2,,2023-05-25 07:00,1,0.037,중구,2,0.017
1,,62,0.004,0.5,,,1,47,2,21,서울,,2,,2,,2023-05-25 07:00,1,0.033,한강대로,2,0.027
1,,57,0.004,0.4,,,2,37,2,11,서울,,1,,1,,2023-05-25 07:00,1,0.025,종로구,2,0.031
1,,62,0.004,0.4,,,1,43,2,18,서울,,2,,2,,2023-05-25 07:00,1,0.036,청계천로,2,0.016
1,,60,0.004,0.4,,,1,37,2,13,서울,,1,,2,,2023-05-25 07:00,1,0.024,종로,2,0.018
1,,61,0.004,0.4,,,1,40,2,20,서울,,2,,2,,2023-05-25 07:00,1,0.034,용산구,2,0.024
1,,59,0.003,0.3,,,2,34,2,16,서울,,1,,2,,2023-05-25 07:00,1,0.016,광진구,2,0.039
1,,62,0.004,0.3,,,2,36,2,13,서울,,1,,2,,2023-05-25 07:00,1,0.018,성동구,2,0.043
1,,62,0.004,0.4,,,1,46,2,22,서울,,2,,2,,2023-05-25 07:00,1,0.034,강변북로,2,0.027
1,,59,0.003,0.3,,,2,37,2,17,서울,,1,,2,,2023-05-25 07:00,1,0.017,중랑구,2,0.039
1,,60,0.004,0.4,,,2,40,2,19,서울,,1,,2,,2023-05-25 07:00,1,0.021,동대문구,2,0.034
1,,61,0.004,0.4,,,1,40,2,17,서울,,2,,2,,2023-05-25 07:00,1,0.037,홍릉로,2,0.027
1,,57,0.003,0.4,,,2,37,2,19,서울,,1,,2,,2023-05-25 07:00,1,0.020,성북구,2,0.033
1,,86,0.003,0.5,,,1,44,2,20,서울,,2,,2,,2023-05-25 07:00,1,0.052,정릉로,2,0.010
1,,54,0.003,0.5,,,1,34,2,18,서울,,1,,2,,2023-05-25 07:00,1,0.020,도봉구,2,0.027
1,,51,0.003,0.1,,,1,34,2,15,서울,,1,,1,,2023-05-25 07:00,1,0.021,은평구,2,0.026
1,,51,0.003,0.4,,,1,32,2,17,서울,,1,,1,,2023-05-25 07:00,1,0.028,서대문구,2,0.022
1,,56,0.004,0.4,,,1,37,2,18,서울,,2,,2,,2023-05-25 07:00,1,0.033,마포구,2,0.027
1,,64,0.004,0.4,,,1,44,2,18,서울,,2,,2,,2023-05-25 07:00,1,0.038,신촌로,2,0.013
1,,57,0.004,0.4,,,2,43,2,15,서울,,1,,1,,2023-05-25 07:00,1,0.021,강서구,2,0.037
1,,58,0.003,0.4,,,1,49,2,21,서울,,2,,1,,2023-05-25 07:00,1,0.034,공항대로,2,0.025
1,,58,0.003,0.3,,,1,38,2,18,서울,,1,,2,,2023-05-25 07:00,1,0.019,구로구,2,0.030
1,,63,0.004,0.4,,,1,36,2,11,서울,,2,,1,,2023-05-25 07:00,1,0.037,영등포구,2,0.024
1,,64,0.004,0.4,,,1,40,2,15,서울,,2,,2,,2023-05-25 07:00,1,0.038,영등포로,2,0.022
1,,56,0.003,0.3,,,2,32,2,15,서울,,1,,2,,2023-05-25 07:00,1,0.020,동작구,2,0.034
1,,89,0.003,0.5,,,1,48,2,25,서울,,2,,2,,2023-05-25 07:00,1,0.054,동작대로 중앙차로,2,0.012
1,,64,0.004,0.4,,,2,38,2,14,서울,,1,,2,,2023-05-25 07:00,1,0.024,관악구,2,0.036
1,,67,0.004,0.3,,,2,35,2,16,서울,,1,,2,,2023-05-25 07:00,1,0.012,강남구,2,0.049
1,,58,0.003,0.3,,,2,48,2,12,서울,,1,,1,,2023-05-25 07:00,1,0.021,서초구,2,0.034
1,,69,0.003,0.4,,,1,39,2,27,서울,,2,,2,,2023-05-25 07:00,1,0.030,도산대로,2,0.027
1,,76,0.003,0.5,,,1,45,2,16,서울,,2,,2,,2023-05-25 07:00,1,0.045,강남대로,2,0.007
1,,62,0.003,0.4,,,2,40,2,18,서울,,1,,2,,2023-05-25 07:00,1,0.017,송파구,2,0.043
1,,61,0.003,0.4,,,1,42,2,18,서울,,2,,2,,2023-05-25 07:00,1,0.031,강동구,2,0.023
1,,63,0.003,0.5,,,1,45,2,16,서울,,2,,2,,2023-05-25 07:00,1,0.037,천호대로,2,0.022
1,,59,0.004,0.4,,,2,29,2,17,서울,,1,,2,,2023-05-25 07:00,1,0.016,금천구,2,0.030
1,,103,0.004,0.5,,,1,48,3,21,서울,,3,,2,,2023-05-25 07:00,1,0.062,시흥대로,2,0.005
1,,58,0.003,0.4,,,2,35,2,14,서울,,1,,2,,2023-05-25 07:00,1,0.014,강북구,2,0.032
1,,56,0.004,0.4,,,1,36,2,21,서울,,1,,2,,2023-05-25 07:00,1,0.029,양천구,2,0.027
1,,65,0.003,0.5,,,1,37,2,19,서울,,2,,2,,2023-05-25 07:00,1,0.038,노원구,2,0.011
1,,82,0.003,0.6,,,1,51,2,25,서울,,2,,2,,2023-05-25 07:00,1,0.049,화랑로,2,0.003
1,,59,0.003,0.5,,,1,34,2,14,경기,,2,,2,,2023-05-25 07:00,1,0.034,신풍동,2,0.016
1,,65,0.004,0.6,,,1,44,2,22,경기,,1,,2,,2023-05-25 07:00,1,0.023,인계동,2,0.028
1,,75,0.002,0.6,,,1,47,2,31,경기,,2,,2,,2023-05-25 07:00,1,0.045,광교동,2,0.006
1,,69,0.002,0.4,,,1,48,2,19,경기,,1,,2,,2023-05-25 07:00,1,0.026,영통동,2,0.024
1,,64,0.002,0.3,,,1,36,2,18,경기,,2,,2,,2023-05-25 07:00,1,0.038,천천동,2,0.012
1,,80,0.004,0.6,,,1,51,2,23,경기,,2,,2,,2023-05-25 07:00,1,0.048,경수대로(동수원),2,0.006
1,,69,0.002,0.4,,,1,53,2,21,경기,,2,,2,,2023-05-25 07:00,1,0.041,고색동,2,0.008
1,,59,0.001,0.4,,,1,36,2,16,경기,,1,,2,,2023-05-25 07:00,1,0.010,호매실,2,0.023
1,,74,0.001,0.5,,,1,41,2,13,경기,,2,,2,,2023-05-25 07:00,1,0.044,대왕판교로(백현동),2,0.003
1,,65,0.002,0.5,,,2,39,2,17,경기,,1,,2,,2023-05-25 07:00,1,0.017,단대동,2,0.033
1,,59,0.002,0.8,,,1,26,2,22,경기,,1,,2,,2023-05-25 07:00,1,0.015,정자동,2,0.024
1,,61,0.002,0.4,,,1,32,2,19,경기,,2,,2,,2023-05-25 07:00,1,0.036,수내동,2,0.009
1,,100,0.002,0.6,,,1,51,2,20,경기,,2,,2,,2023-05-25 07:00,1,0.060,성남대로(모란역),2,0.003
1,,100,0.002,0.5,,,1,41,2,16,경기,,2,,2,,2023-05-25 07:00,1,0.060,복정동,2,0.005
1,,65,0.002,0.4,,,1,38,2,15,경기,,2,,2,,2023-05-25 07:00,1,0.035,운중동,2,0.012
1,,66,0.002,0.5,,,1,46,2,22,경기,,2,,2,,2023-05-25 07:00,1,0.039,상대원동,2,0.017
1,,53,0.003,0.3,,,1,35,2,14,경기,,1,,1,,2023-05-25 07:00,1,0.017,의정부동,2,0.021
1,,57,0.003,0.3,,,1,41,2,23,경기,,2,,2,,2023-05-25 07:00,1,0.034,의정부1동,2,0.010
1,,66,0.003,0.3,,,1,33,2,12,경기,,2,,2,,2023-05-25 07:00,1,0.039,송산3동,2,0.004
1,,64,0.002,0.4,,,1,39,2,22,경기,,1,,2,,2023-05-25 07:00,1,0.020,안양8동,2,0.030
1,,65,0.003,0.3,,,1,44,2,17,경기,,2,,2,,2023-05-25 07:00,1,0.031,부림동,2,0.019
1,,72,0.002,0.2,,,1,40,2,19,경기,,1,,2,,2023-05-25 07:00,1,0.022,호계동,2,0.028
1,,60,0.002,0.5,,,1,35,2,18,경기,,2,,2,,2023-05-25 07:00,1,0.034,안양2동,2,0.016
1,,64,0.002,0.5,,,1,50,2,23,경기,,1,,2,,2023-05-25 07:00,1,0.027,철산동,2,0.023
1,,66,0.002,0.4,,,2,49,2,25,경기,,1,,2,,2023-05-25 07:00,1,0.020,소하동,2,0.033
1,,58,0.003,0.3,,,1,38,2,16,경기,,1,,2,,2023-05-25 07:00,1,0.028,고잔동,2,0.020
1,,73,0.003,0.3,,,1,74,2,41,경기,,1,,2,,2023-05-25 07:00,1,0.020,원시동,2,0.028
1,,60,0.002,0.4,,,1,43,2,21,경기,,2,,2,,2023-05-25 07:00,1,0.031,본오동,2,0.024
1,,82,0.002,0.4,,,1,51,2,27,경기,,2,,2,,2023-05-25 07:00,1,0.038,원곡동,2,0.008
1,,93,0.003,0.4,,,1,46,2,15,경기,,2,,1,,2023-05-25 07:00,1,0.056,부곡동1,2,0.002
1,,59,0.003,0.2,,,2,32,2,15,경기,,1,,1,,2023-05-25 07:00,1,0.006,대부동,1,0.040
1,,56,0.003,0.3,,,1,38,2,13,경기,,1,,1,,2023-05-25 07:00,1,0.030,호수동,2,0.022
1,,71,0.003,0.4,,,,53,2,22,경기,,2,통신장애,2,,2023-05-25 07:00,1,0.042,중앙대로(고잔동),2,-
1,,62,0.001,0.4,,,1,40,2,15,경기,,2,,1,,2023-05-25 07:00,1,0.034,별양동,2,0.021
1,,59,0.001,0.3,,,1,31,2,18,경기,,1,,2,,2023-05-25 07:00,1,0.024,과천동,2,0.021
1,,61,0.002,0.3,,,1,36,2,22,경기,,2,,2,,2023-05-25 07:00,1,0.033,교문동,2,0.010
1,,66,0.003,0.3,,,1,45,2,25,경기,,2,,2,,2023-05-25 07:00,1,0.036,동구동,2,0.003
1,,-,0.002,0.5,통신장애,,1,47,,-,경기,,3,,,,2023-05-25 07:00,1,0.062,부곡3동,2,0.003
1,,71,0.001,0.4,,,1,29,2,11,경기,,2,,1,,2023-05-25 07:00,1,0.042,고천동,1,0.008
1,,77,0.003,0.3,,,1,52,2,24,경기,,2,,2,,2023-05-25 07:00,1,0.041,정왕동,2,0.015
1,,74,0.003,0.2,,,1,67,2,36,경기,,2,,2,,2023-05-25 07:00,1,0.039,시화산단,2,0.010
1,,77,0.002,0.5,,,1,43,2,27,경기,,2,,2,,2023-05-25 07:00,1,0.046,대야동,2,0.004
1,,95,0.004,0.4,,,1,65,2,25,경기,,2,,2,,2023-05-25 07:00,1,0.057,목감동,2,0.002
1,,69,0.003,0.3,,,1,57,2,27,경기,,2,,2,,2023-05-25 07:00,1,0.039,장현동,2,0.008
1,,72,0.002,0.5,,,1,49,2,29,경기,,2,,2,,2023-05-25 07:00,1,0.035,서해안로,2,0.011
1,,89,0.004,0.4,,,1,73,2,37,경기,,2,,2,,2023-05-25 07:00,1,0.053,배곧동,2,0.004
1,,61,0.002,0.4,,,1,38,2,20,경기,,2,,2,,2023-05-25 07:00,1,0.031,금곡동,2,0.014
1,,61,0.002,0.3,,,1,31,2,19,경기,,1,,2,,2023-05-25 07:00,1,0.013,오남읍,2,0.024
1,,71,0.002,0.4,,,1,45,2,18,경기,,2,,2,,2023-05-25 07:00,1,0.042,별내동,2,0.006
1,,66,0.003,0.4,,,1,40,2,22,경기,,1,,2,,2023-05-25 07:00,1,0.020,화도읍,2,0.018
1,,73,0.003,0.5,,,1,58,2,27,경기,,2,,2,,2023-05-25 07:00,1,0.040,경춘로,2,0.008
1,,64,0.002,0.3,,,1,44,2,24,경기,,1,,2,,2023-05-25 07:00,1,0.025,와부읍,2,0.023
1,,61,0.002,0.4,,,1,38,2,17,경기,,1,,2,,2023-05-25 07:00,1,0.024,진접읍,2,0.016
1,,73,0.003,0.3,,,1,60,2,26,경기,,1,,2,,2023-05-25 07:00,1,0.022,비전동,2,0.027
1,,77,0.003,0.3,,,1,61,2,28,경기,,2,,2,,2023-05-25 07:00,1,0.032,안중,2,0.016
1,,70,0.003,0.3,,,1,63,2,21,경기,,1,,2,,2023-05-25 07:00,1,0.028,평택항,2,0.030
1,,79,0.003,0.4,,,1,52,2,36,경기,,1,,2,,2023-05-25 07:00,1,0.028,송북동,2,0.016
1,,74,0.002,0.3,,,1,59,2,30,경기,,1,,2,,2023-05-25 07:00,1,0.024,청북읍,2,0.022
1,,77,0.004,0.3,,,2,40,2,26,경기,,1,,2,,2023-05-25 07:00,1,0.022,고덕면,2,0.034
,통신장애,-,-,-,통신장애,통신장애,,-,,-,경기,통신장애,,통신장애,,통신장애,2023-05-24 18:00,,-,금촌동,,-
1,,93,0.004,0.4,,,1,68,2,15,경기,,2,,2,,2023-05-25 07:00,1,0.035,운정,2,0.004
1,,-,0.002,0.2,통신장애,통신장애,1,-,,-,경기,,1,,,,2023-05-25 07:00,1,0.004,파주,,0.017
1,,50,0.002,0.3,,,1,27,1,13,경기,,1,,1,,2023-05-25 07:00,1,0.010,파주읍,1,0.022
1,,54,0.002,0.4,,,1,27,2,18,경기,,1,,2,,2023-05-25 07:00,1,0.028,행신동,2,0.016
1,,79,0.003,0.4,,,1,69,2,21,경기,,2,,2,,2023-05-25 07:00,1,0.047,식사동,2,0.008
1,,82,0.002,0.4,,,1,64,2,27,경기,,2,,2,,2023-05-25 07:00,1,0.049,백마로(마두역),2,0.004
1,,59,0.002,0.3,,,1,35,2,20,경기,,1,,2,,2023-05-25 07:00,1,0.030,신원동,2,0.008
1,,58,0.003,0.3,,,1,44,2,16,경기,,1,,1,,2023-05-25 07:00,1,0.021,주엽동,2,0.029
1,,72,0.002,0.5,,,1,44,2,24,경기,,2,,2,,2023-05-25 07:00,1,0.031,경안동,2,0.012
1,,69,0.001,0.4,,,1,42,2,23,경기,,1,,2,,2023-05-25 07:00,1,0.022,오포1동,2,0.018
1,,72,0.001,0.4,,,1,45,2,29,경기,,1,,2,,2023-05-25 07:00,1,0.026,곤지암,2,0.009
1,,77,0.002,0.3,,,1,44,2,24,경기,,1,,2,,2023-05-25 07:00,1,0.028,김량장동,2,0.013
1,,66,0.002,0.6,,,1,39,2,20,경기,,1,,2,,2023-05-25 07:00,1,0.023,수지,2,0.025
1,,77,0.002,0.6,,,1,42,2,15,경기,,2,,2,,2023-05-25 07:00,1,0.046,기흥,2,0.004
1,,68,0.002,0.5,,,,42,2,28,경기,,2,통신장애,2,,2023-05-25 07:00,1,0.037,중부대로(구갈동),2,-
